month,market_code,market_name,provider_id,provider_name,provider_short,benchmark_keur_mw_yr_exact,benchmark_keur_mw_yr_integer,foresight,cycling,cycle_limit,availability,revenue_streams,degradation,basis
2026-08,BE,Belgium,aurora,Aurora Energy Research — Central,Aurora,145.32,145,Optimised dispatch with imperfect-foresight haircut,1.5 cycles/day,n/a,98%,Wholesale trading arbitrage; Ancillary services; Capacity market,"Modelled, with augmentation capex","Fundamental market model, hourly + intraday shaping"
2026-08,BE,Belgium,cleanhorizon,Clean Horizon — Storage Index,Clean Horizon,158.0,158,Modelled dispatch with efficiency factor,1.5,n/a,100%,Wholesale trading arbitrage; Ancillary services,Modelled,Published monthly storage revenue index
2026-08,BE,Belgium,retwin,Re-Twin — Digital Twin Benchmark,Re-Twin,229.91,229,Modelled dispatch (digital twin),n/a,2 cycles/day,n/a,Wholesale trading arbitrage; Ancillary services,Modelled,Published monthly benchmark series
2026-08,DE,Germany,regelleistung,Regelleistung Online — Benchmark,Regelleistung,187.232,187,Modelled dispatch on market prices,n/a,2 cycles/day,n/a,Wholesale trading arbitrage; Balancing / aFRR,Not applied,Published monthly benchmark series
2026-08,DE,Germany,modo,Modo Energy — Benchmark (2h),Modo,190.611,190,Realised / imperfect foresight (actual asset dispatch),n/a,1.5 cycles/day,n/a,Wholesale trading arbitrage; Balancing / BM; Frequency response,Implicit in observed operation,Bottom-up metering of operational fleet
2026-08,DE,Germany,enspired,enspired — Realised Trading,enspired,202.0,202,Live algorithmic trading (imperfect foresight),As-operated,n/a,As-operated,Intraday continuous; Wholesale trading arbitrage; Balancing,Managed via throughput budget,Realised optimiser results across managed portfolio
2026-08,DE,Germany,rwth,RWTH Aachen — Academic Model,RWTH Aachen,209.68,209,Perfect foresight linear programme,n/a,2.0,n/a,Wholesale trading arbitrage; Ancillary services,Not modelled,"Deterministic optimisation, university research"
2026-08,DE,Germany,aurora,Aurora Energy Research — Central,Aurora,220.2,220,Optimised dispatch with imperfect-foresight haircut,1.5 cycles/day,n/a,98%,Wholesale trading arbitrage; Ancillary services; Capacity market,"Modelled, with augmentation capex","Fundamental market model, hourly + intraday shaping"
2026-08,DE,Germany,retwin,Re-Twin — Digital Twin Benchmark,Re-Twin,230.38,230,Modelled dispatch (digital twin),n/a,2 cycles/day,n/a,Wholesale trading arbitrage; Ancillary services,Modelled,Published monthly benchmark series
2026-08,DE,Germany,cleanhorizon,Clean Horizon — Storage Index,Clean Horizon,233.0,233,Modelled dispatch with efficiency factor,1.5,n/a,100%,Wholesale trading arbitrage; Ancillary services,Modelled,Published monthly storage revenue index
2026-08,DE,Germany,lcp,LCP Delta — Storage Outlook,LCP Delta,244.0,244,"Modelled dispatch, near-perfect foresight",n/a,2 cycles/day,n/a,Wholesale trading arbitrage; Ancillary services; Capacity market,Modelled,Dispatch optimiser over modelled price curves
2026-08,DE,Germany,suena,suena — Optimiser Benchmark,suena,303.6,303,Modelled / realised optimiser dispatch,n/a,n/a,n/a,Wholesale trading arbitrage; Balancing,Managed,Published monthly benchmark series
2026-08,ES,Spain,modo,Modo Energy — Benchmark (2h),Modo,287.887,287,Realised / imperfect foresight (actual asset dispatch),n/a,1.5 cycles/day,n/a,Wholesale trading arbitrage; Balancing / BM; Frequency response,Implicit in observed operation,Bottom-up metering of operational fleet
2026-08,ES,Spain,retwin,Re-Twin — Digital Twin Benchmark,Re-Twin,295.55,295,Modelled dispatch (digital twin),n/a,2 cycles/day,n/a,Wholesale trading arbitrage; Ancillary services,Modelled,Published monthly benchmark series
2026-08,ES,Spain,aurora,Aurora Energy Research — Central,Aurora,343.32,343,Optimised dispatch with imperfect-foresight haircut,1.5 cycles/day,n/a,98%,Wholesale trading arbitrage; Ancillary services; Capacity market,"Modelled, with augmentation capex","Fundamental market model, hourly + intraday shaping"
2026-08,ES,Spain,cleanhorizon,Clean Horizon — Storage Index,Clean Horizon,507.0,507,Modelled dispatch with efficiency factor,1.5,n/a,100%,Wholesale trading arbitrage; Ancillary services,Modelled,Published monthly storage revenue index
